aX,aY,aZ,gX,gY,gZ
3.083,0.549,-0.595,30.884,21.301,66.833
3.708,1.080,-0.788,59.204,21.790,75.256
4.000,1.434,-0.682,136.658,3.052,40.588
4.000,1.484,0.274,250.366,-44.128,-30.273
4.000,0.811,1.359,396.973,-70.557,-123.535
4.000,-0.667,1.779,469.421,-28.748,-198.730
3.989,-2.552,2.583,337.219,20.691,-205.017
3.639,-3.926,3.753,34.546,51.636,-113.831
2.911,-3.504,4.000,-189.148,135.315,81.909
2.094,-0.731,3.999,-250.000,284.729,328.003
1.640,1.827,3.797,-174.438,361.145,443.909
1.348,3.213,4.000,-61.340,289.124,412.292
0.883,4.000,4.000,-0.671,202.820,322.937
0.301,4.000,4.000,25.452,214.050,214.722
-0.293,4.000,4.000,83.679,322.327,26.978
-1.000,2.625,4.000,139.282,430.847,-234.802
-1.506,0.047,4.000,170.837,468.384,-406.555
-1.805,-1.386,4.000,190.491,465.454,-407.654
-1.993,-1.213,4.000,193.115,452.454,-280.579
-2.239,-0.059,4.000,184.631,434.631,-146.484
-2.668,0.146,3.886,170.654,440.430,-124.207
-3.194,-0.569,3.014,150.818,478.027,-169.312
-3.500,-1.567,1.760,114.990,527.222,-201.782
-3.589,-2.418,0.725,74.402,564.758,-178.101
-3.480,-2.668,-0.323,29.785,543.274,-72.632
-3.409,-2.028,-0.597,8.362,420.532,91.187
-3.360,-0.758,-0.275,-23.193,309.387,235.535
-3.287,0.204,-0.202,-80.688,264.954,303.955
-3.095,0.798,-0.523,-119.019,260.132,314.941
-2.896,1.171,-0.909,-135.193,254.822,295.410
-2.607,1.293,-1.320,-117.920,237.732,254.028
-2.320,1.127,-1.569,-82.092,202.515,202.271
-2.055,0.908,-1.667,-57.007,159.790,161.560
-1.810,0.791,-1.705,-41.077,121.216,139.526
-1.589,0.751,-1.731,-25.085,88.074,126.221
-1.394,0.777,-1.805,-12.207,60.181,115.051
-1.175,0.865,-1.897,-4.639,32.593,102.295
-0.959,0.891,-1.793,9.155,-4.883,83.313
-0.741,0.763,-1.506,19.836,-45.959,56.702
-0.513,0.541,-1.170,27.283,-75.989,32.715
-0.307,0.401,-0.853,40.466,-94.604,19.897
-0.132,0.342,-0.609,45.471,-102.295,15.503
0.022,0.302,-0.496,47.241,-100.037,13.062
0.169,0.344,-0.398,45.593,-97.534,14.282
0.291,0.473,-0.241,44.983,-99.182,18.921
0.405,0.628,-0.086,44.678,-97.351,21.423
0.470,0.747,-0.029,44.128,-89.172,18.188
0.515,0.785,-0.123,38.086,-77.454,9.216
0.540,0.783,-0.227,28.748,-72.571,-0.671
0.542,0.786,-0.253,17.212,-76.477,-7.568
0.551,0.761,-0.297,8.118,-82.092,-15.503
0.553,0.700,-0.309,4.822,-89.233,-24.780
0.583,0.592,-0.271,9.155,-99.426,-35.889
0.592,0.448,-0.218,18.311,-108.093,-46.936
0.593,0.344,-0.196,28.931,-113.525,-53.589
0.641,0.223,-0.140,36.194,-118.286,-55.969
0.679,0.160,-0.018,38.269,-123.901,-52.917
0.714,0.132,0.106,36.987,-125.183,-47.119
0.730,0.143,0.179,33.508,-121.216,-38.879
0.759,0.251,0.266,27.527,-115.784,-29.114
0.789,0.448,0.250,27.832,-107.544,-20.935
0.800,0.494,0.101,30.334,-97.290,-25.330
0.790,0.311,-0.084,29.663,-92.224,-38.147
0.786,0.136,-0.184,26.245,-97.107,-43.396
0.790,0.067,-0.133,24.170,-110.168,-38.147
0.803,-0.004,-0.077,23.743,-121.033,-31.189
0.800,-0.098,-0.063,21.912,-126.831,-24.292
0.794,-0.015,-0.027,20.691,-134.033,-10.498
0.798,0.129,0.107,18.921,-144.409,3.479
0.825,0.355,0.343,18.127,-153.442,15.198
0.848,0.592,0.457,22.949,-150.513,20.325
0.835,0.722,0.462,26.062,-136.841,12.817
0.786,0.756,0.354,25.208,-123.047,-1.465
0.734,0.604,0.164,26.123,-111.511,-20.752
0.665,0.359,0.055,27.649,-111.938,-37.598
0.632,0.089,0.004,29.053,-119.873,-46.021
0.647,-0.114,0.104,28.320,-133.667,-43.762
0.653,-0.184,0.298,30.396,-149.902,-29.724
0.741,-0.010,0.491,29.968,-159.302,-6.836
0.802,0.309,0.657,34.546,-162.537,14.282
0.822,0.570,0.793,37.781,-159.973,22.217
0.830,0.837,0.908,39.856,-153.076,19.470
0.836,0.984,0.843,49.622,-137.634,3.052
0.779,0.848,0.683,61.218,-122.559,-27.832
0.731,0.572,0.543,67.383,-116.211,-57.312
0.698,0.307,0.534,63.965,-120.544,-73.730
0.710,0.084,0.587,51.514,-127.319,-78.003
0.749,-0.088,0.664,35.950,-133.057,-71.838
0.802,-0.026,0.846,18.494,-141.357,-52.856
0.859,0.263,1.081,4.272,-146.729,-28.198
0.886,0.594,1.166,-2.380,-138.550,-15.869
0.901,0.737,1.027,-1.038,-120.483,-24.414
0.889,0.728,0.889,7.019,-109.619,-43.457
0.859,0.684,0.829,17.639,-108.459,-63.232
0.829,0.589,0.758,32.837,-109.314,-83.130
0.808,0.340,0.705,47.913,-111.145,-105.774
0.831,0.024,0.781,58.899,-118.652,-122.498
0.880,-0.244,0.963,60.181,-127.319,-124.634
0.948,-0.366,1.132,53.467,-129.395,-110.840
1.005,-0.324,1.225,38.879,-122.742,-87.097
1.053,-0.161,1.326,22.034,-113.403,-62.317
1.089,0.048,1.398,2.380,-101.318,-43.335
1.096,0.208,1.374,-7.690,-84.595,-36.865
1.083,0.321,1.252,-14.404,-67.078,-38.086
1.055,0.310,1.074,-17.029,-53.528,-46.753
1.024,0.181,0.893,-18.921,-46.265,-58.044
1.000,0.041,0.783,-19.592,-47.058,-64.514
0.985,-0.068,0.776,-15.930,-54.688,-64.148
0.985,-0.112,0.850,-8.423,-64.392,-58.594
0.983,-0.092,0.968,-0.305,-71.472,-51.147
0.945,-0.341,1.135,-38.147,-77.820,-62.439
0.981,-0.407,1.326,45.410,-77.271,-64.514
0.980,0.089,1.266,0.916,-55.481,-20.325
0.952,0.265,1.138,-12.512,-33.447,-13.733
0.905,0.041,0.982,-27.283,-19.043,-28.625
0.867,0.007,0.881,-41.199,-12.207,-26.367
0.834,0.095,0.835,-55.359,-10.376,-13.977
0.795,0.137,0.786,-59.937,-8.972,-8.301
0.761,0.156,0.713,-62.256,-7.629,-5.920

3.020,0.340,0.684,24.170,20.752,47.119
3.469,0.687,1.188,49.072,24.658,54.504
3.778,1.231,1.809,97.229,39.185,49.927
3.972,1.406,2.517,150.818,70.435,14.587
3.944,0.577,3.383,168.396,118.835,-63.110
3.773,-1.036,4.000,148.193,170.654,-136.658
3.565,-2.734,4.000,101.929,217.896,-158.447
3.214,-3.746,4.000,50.354,270.630,-106.934
2.801,-3.604,4.000,32.715,335.022,-0.305
2.335,-2.434,4.000,31.128,367.920,113.464
1.687,-1.182,4.000,-3.235,342.102,174.011
0.637,-0.048,4.000,-128.662,337.769,174.561
-0.500,0.933,4.000,-289.734,454.834,118.469
-1.522,1.651,4.000,-466.858,625.366,17.639
-2.452,2.201,4.000,-655.945,730.469,-106.445
-3.513,2.531,2.891,-832.886,767.090,-232.727
-4.000,2.262,1.186,-901.245,800.659,-345.093
-4.000,1.298,-1.531,-644.897,747.498,-444.519
-4.000,0.059,-2.593,-286.377,520.874,-502.441
-3.979,-0.524,-1.347,-80.322,250.610,-472.839
-3.688,-0.917,0.281,46.509,86.670,-408.386
-3.438,-1.253,0.816,259.155,98.694,-342.224
-3.344,-1.156,0.372,439.087,182.556,-248.962
-3.188,-0.904,-0.545,652.893,246.643,-150.696
-2.897,-0.783,-1.121,725.952,249.207,-60.974
-2.784,-0.598,-1.248,653.503,203.613,19.897
-2.485,-0.396,-1.410,587.769,146.973,86.792
-2.150,0.076,-1.404,461.731,91.919,150.146
-1.868,0.625,-1.289,310.547,42.542,197.083
-1.498,1.148,-1.164,138.367,12.207,213.440
-1.145,1.469,-1.173,90.271,-8.789,194.763
-0.823,1.537,-1.071,122.314,-40.833,152.588
-0.520,1.387,-0.922,126.404,-71.472,106.689
-0.288,1.154,-0.882,88.013,-88.867,66.589
0.039,0.966,-0.732,22.095,-105.774,39.368
0.255,0.732,-0.445,70.190,-127.869,10.620
0.471,0.315,-0.039,90.332,-142.212,-13.855
0.655,0.028,0.213,96.741,-135.193,-23.376
0.761,-0.021,0.380,103.271,-121.826,-17.822
0.859,-0.071,0.416,101.807,-102.722,-10.742
0.916,-0.091,0.356,94.543,-82.153,-3.540
0.969,0.084,0.271,83.069,-67.566,12.390
1.012,0.397,0.152,66.711,-57.251,28.870
1.020,0.689,0.013,49.011,-49.744,35.156
1.003,0.867,-0.120,29.419,-45.898,31.067
0.975,0.901,-0.240,12.329,-45.471,17.761
0.927,0.843,-0.293,0.427,-49.438,2.136
0.901,0.718,-0.287,-4.272,-56.458,-13.306
0.869,0.613,-0.273,-3.479,-62.927,-25.696
0.842,0.495,-0.235,-3.784,-69.031,-34.180
0.822,0.305,-0.160,0.366,-75.073,-41.992
0.843,0.086,-0.099,14.099,-78.735,-45.837
0.866,0.019,-0.034,25.635,-80.078,-40.161
0.869,0.008,-0.036,30.884,-76.050,-30.029
0.856,-0.036,-0.090,32.410,-70.435,-20.996
0.830,-0.025,-0.135,27.893,-66.711,-8.301
0.785,0.076,-0.211,19.653,-65.125,5.554
0.760,0.200,-0.260,10.742,-67.444,17.029
0.722,0.323,-0.255,1.099,-73.486,23.743
0.700,0.421,-0.261,-2.747,-79.346,24.963
0.687,0.455,-0.239,-3.357,-86.853,20.264
0.686,0.510,-0.234,-1.404,-95.581,14.343
0.715,0.494,-0.233,4.517,-104.004,5.188
0.735,0.430,-0.197,13.184,-113.464,-4.700
0.739,0.353,-0.146,23.193,-122.925,-13.245
0.739,0.221,-0.069,29.480,-129.395,-19.043
0.722,0.102,0.001,31.738,-131.470,-19.226
0.697,0.055,-0.000,28.503,-128.723,-11.169
0.671,0.066,0.017,22.644,-127.319,0.061
0.624,0.141,0.055,19.226,-128.296,12.817
0.602,0.298,0.157,16.052,-130.981,24.170
0.568,0.427,0.207,16.602,-132.385,28.625
0.562,0.523,0.175,12.634,-129.761,25.940
0.594,0.571,0.159,12.390,-132.263,18.738
0.638,0.573,0.182,17.578,-138.489,7.202
0.651,0.490,0.198,26.672,-142.639,-8.545
0.661,0.380,0.157,36.316,-144.043,-23.926
0.641,0.285,0.132,41.687,-147.705,-34.729
0.630,0.172,0.146,44.373,-155.579,-41.687
0.618,0.033,0.195,44.434,-164.734,-44.983
0.619,-0.044,0.307,38.391,-173.584,-41.321
0.622,-0.065,0.449,30.273,-179.504,-32.349
0.628,0.000,0.598,23.621,-180.969,-21.545
0.661,0.133,0.652,20.386,-174.622,-11.902
0.751,0.287,0.618,20.691,-165.344,-8.850
0.806,0.382,0.576,24.536,-159.119,-15.625
0.828,0.385,0.533,33.508,-156.006,-30.457
0.829,0.321,0.524,43.152,-157.471,-47.363
0.836,0.190,0.531,50.598,-161.926,-62.744
0.858,-0.017,0.641,53.345,-169.434,-73.120
0.910,-0.104,0.835,44.128,-176.819,-69.641
0.976,-0.108,1.027,32.349,-177.551,-58.167
1.006,-0.017,1.158,15.503,-170.654,-43.030
1.053,0.114,1.187,4.333,-157.410,-30.823
1.089,0.304,1.212,-2.930,-145.203,-23.682
1.156,0.446,1.195,-6.165,-133.545,-26.367
1.106,0.502,1.157,7.324,-122.925,-39.063
1.127,0.537,1.031,26.855,-113.281,-57.129
1.084,0.252,1.000,28.259,-107.361,-83.740
1.081,0.058,0.925,33.447,-102.844,-100.098
1.095,-0.201,0.956,47.241,-104.431,-107.239
1.120,-0.445,1.017,52.673,-107.910,-104.187
1.152,-0.524,1.237,45.410,-111.938,-84.351
1.175,-0.399,1.470,29.602,-107.910,-52.185
1.180,-0.157,1.518,8.484,-87.219,-22.095
1.140,0.031,1.349,-12.207,-57.983,-4.761
1.099,0.102,1.104,-27.771,-36.316,-0.793
1.064,0.184,0.983,-30.273,-30.212,-0.061
1.027,0.299,0.968,-21.545,-32.043,-2.563
0.992,0.357,0.958,-10.925,-31.494,-11.597
0.937,0.276,0.907,-0.916,-27.527,-27.161
0.893,0.135,0.825,9.338,-23.315,-41.016
0.853,-0.014,0.808,20.691,-23.926,-48.828
0.826,-0.168,0.824,27.100,-24.414,-50.232
0.813,-0.264,0.863,25.940,-22.522,-42.664
0.804,-0.242,0.920,20.020,-20.020,-27.588
0.788,-0.147,0.947,11.902,-14.282,-10.315
0.768,-0.011,0.894,2.808,-5.371,3.357
0.740,0.120,0.814,-3.967,1.892,11.414

2.883,-0.417,0.556,35.706,-38.086,3.601
3.614,-0.435,1.337,29.541,-53.162,34.058
4.000,0.220,2.146,21.606,-41.138,85.449
4.000,1.216,2.983,22.888,-7.507,123.901
4.000,1.805,4.000,20.264,3.906,113.220
4.000,1.113,4.000,-3.723,24.170,32.776
3.914,-0.787,4.000,-34.302,134.277,-74.524
3.538,-2.545,4.000,-23.071,282.532,-119.324
2.933,-3.405,4.000,58.655,356.750,-92.590
1.848,-3.801,4.000,128.113,372.009,-36.316
0.279,-4.000,4.000,133.606,435.608,23.560
-1.457,-3.974,4.000,88.684,585.815,112.244
-2.776,-2.542,4.000,51.758,752.502,235.229
-3.636,-0.623,3.771,30.945,849.487,326.721
-4.000,1.263,2.294,9.888,867.920,353.638
-4.000,3.057,1.189,-6.348,882.385,333.191
-4.000,3.996,-0.822,11.292,865.356,221.924
-4.000,2.884,-1.933,51.025,737.488,-2.686
-4.000,0.213,-1.703,106.812,545.654,-215.820
-3.999,-2.336,-1.488,138.184,413.452,-295.776
-3.740,-3.630,-1.693,114.502,344.849,-224.365
-3.515,-2.947,-1.834,72.205,259.216,-30.518
-3.349,-1.090,-1.508,38.330,150.269,162.109
-3.063,-0.081,-0.952,8.240,60.730,229.492
-2.704,0.340,-0.339,-17.212,0.488,226.624
-2.350,0.603,-0.069,-30.884,-23.743,218.567
-2.037,0.845,-0.216,-37.048,-22.034,213.684
-1.732,1.238,-0.450,-42.358,-23.010,214.783
-1.399,1.681,-0.586,-38.147,-38.635,210.815
-1.078,1.985,-0.636,-20.081,-61.401,186.890
-0.752,2.059,-0.564,-10.010,-85.938,145.203
-0.456,1.736,-0.498,1.343,-106.567,91.309
-0.184,1.329,-0.334,-1.770,-124.512,48.950
0.059,1.088,-0.089,-10.254,-138.550,27.588
0.264,0.905,0.119,-15.686,-142.456,13.916
0.424,0.675,0.247,-13.184,-136.841,0.000
0.565,0.450,0.352,-6.836,-127.808,-8.972
0.682,0.269,0.389,0.549,-114.624,-11.414
0.753,0.146,0.324,3.845,-98.022,-6.775
0.815,0.148,0.233,-1.282,-83.069,4.761
0.863,0.324,0.214,-10.681,-74.341,20.874
0.880,0.554,0.136,-18.677,-65.552,29.724
0.879,0.642,0.007,-20.081,-57.678,24.170
0.885,0.681,-0.133,-18.555,-54.626,12.268
0.887,0.696,-0.236,-9.460,-57.983,0.244
0.901,0.600,-0.158,4.639,-68.054,-14.771
0.901,0.435,-0.086,12.146,-72.937,-28.625
0.899,0.329,-0.088,14.648,-70.435,-35.034
0.879,0.236,-0.097,14.282,-67.871,-36.194
0.859,0.093,-0.125,12.207,-66.284,-35.278
0.849,-0.047,-0.089,8.179,-67.993,-29.602
0.845,-0.085,-0.065,-1.282,-68.909,-15.808
0.835,-0.035,-0.063,-11.658,-67.932,1.709
0.813,0.068,-0.071,-18.677,-67.017,18.127
0.801,0.233,-0.099,-22.034,-66.772,31.555
0.797,0.407,-0.111,-26.428,-68.237,39.673
0.783,0.552,-0.141,-26.794,-71.106,41.260
0.769,0.724,-0.123,-21.606,-77.271,37.415
0.722,0.788,-0.137,-15.015,-82.886,25.452
0.688,0.727,-0.171,-5.493,-88.989,6.409
0.646,0.589,-0.152,0.854,-98.389,-10.254
0.615,0.427,-0.133,6.592,-107.788,-23.071
0.635,0.248,-0.122,9.521,-115.479,-30.701
0.662,0.100,-0.086,12.085,-123.047,-31.921
0.710,-0.013,-0.018,18.738,-130.005,-28.259
0.740,-0.062,0.072,20.447,-135.620,-19.348
0.788,-0.071,0.168,18.127,-136.719,-7.385
0.800,0.002,0.229,18.860,-133.484,6.775
0.807,0.199,0.330,14.404,-128.174,23.743
0.785,0.396,0.361,10.071,-120.300,34.180
0.767,0.549,0.187,3.906,-106.995,35.889
0.753,0.640,0.010,-0.671,-100.891,30.762
0.738,0.711,0.032,-0.244,-109.863,22.766
0.760,0.702,0.111,4.517,-120.300,9.705
0.786,0.577,0.129,11.963,-125.244,-6.531
0.815,0.461,0.120,19.287,-130.127,-20.142
0.810,0.248,0.265,23.193,-141.235,-29.480
0.858,0.102,0.420,16.785,-148.743,-30.151
0.888,0.040,0.633,2.747,-149.963,-19.226
0.903,0.112,0.805,-7.751,-143.311,-4.089
0.885,0.249,0.842,-15.015,-126.709,9.705
0.865,0.365,0.719,-14.404,-106.934,15.320
0.820,0.415,0.553,-10.681,-94.421,12.695
0.825,0.460,0.426,-4.089,-92.896,6.470
0.824,0.438,0.466,5.676,-100.952,-2.930
0.806,0.405,0.519,18.127,-106.506,-12.512
0.803,0.356,0.484,26.428,-106.262,-21.179
0.785,0.220,0.435,28.137,-106.384,-29.480
0.766,0.124,0.426,22.095,-109.741,-30.396
0.761,0.181,0.465,14.648,-115.173,-22.339
0.753,0.209,0.561,9.827,-121.643,-17.578
0.738,0.160,0.655,7.324,-125.427,-18.982
0.727,0.067,0.730,0.366,-124.756,-18.250
0.729,0.060,0.823,-10.132,-122.620,-10.376
0.731,0.191,0.886,-17.944,-117.065,2.197
0.747,0.409,0.892,-11.230,-110.413,9.827
0.759,0.570,0.910,5.615,-107.727,3.906
0.759,0.618,0.916,26.489,-106.873,-13.489
0.763,0.527,0.931,45.105,-105.408,-36.560
0.760,0.393,0.896,61.523,-102.600,-55.420
0.749,0.315,0.874,62.988,-99.121,-64.514
0.746,0.218,0.851,63.049,-97.534,-70.190
0.733,0.038,0.823,56.702,-96.985,-75.073
0.770,-0.163,0.832,34.973,-95.886,-73.181
0.791,-0.269,0.891,23.743,-97.778,-62.317
0.816,-0.310,1.038,8.972,-100.464,-46.326
0.880,-0.298,1.102,-10.254,-94.238,-28.381
0.881,-0.085,1.129,-13.977,-85.022,-6.409
0.908,0.168,1.139,-14.832,-76.477,10.071
0.923,0.409,1.056,-25.879,-64.758,15.869
0.917,0.525,0.998,-19.104,-58.228,9.216
0.923,0.612,0.983,-9.216,-56.396,-2.319
0.903,0.618,0.941,1.404,-53.223,-17.883
0.893,0.518,0.914,13.245,-50.293,-36.865
0.861,0.338,0.859,23.865,-46.753,-53.650
0.849,0.178,0.800,33.875,-44.556,-62.866
0.843,0.013,0.799,36.682,-45.654,-65.491
0.850,-0.143,0.836,34.973,-47.974,-62.073
0.870,-0.212,0.922,28.076,-50.293,-49.927

2.755,0.531,0.399,-4.028,-29.785,80.811
3.215,1.180,1.170,53.772,-47.302,79.773
3.551,1.635,2.105,125.793,-56.702,51.453
3.724,1.323,2.826,162.903,-27.344,-6.409
3.792,0.198,3.598,90.698,21.545,-56.213
3.832,-0.960,4.000,-55.481,69.519,-60.486
3.595,-1.346,4.000,-152.649,123.474,-12.329
3.261,-1.173,4.000,-133.301,234.131,36.194
2.955,-1.078,4.000,-38.452,369.812,45.593
2.448,-1.536,4.000,27.954,438.171,21.606
1.686,-1.934,4.000,17.944,475.586,18.555
0.933,-1.696,4.000,-15.564,532.532,56.885
0.258,-1.101,4.000,-22.095,581.726,95.581
-0.360,-0.557,4.000,0.183,595.337,106.201
-0.974,-0.215,4.000,19.592,598.694,99.060
-1.543,0.040,4.000,23.682,614.563,88.623
-1.901,0.534,3.478,25.452,638.977,85.938
-2.065,1.198,2.805,36.865,642.029,78.125
-2.264,1.380,2.571,59.448,604.797,30.029
-2.748,0.729,2.534,87.830,565.674,-56.580
-3.310,-0.029,1.951,128.540,570.984,-117.249
-3.769,-0.719,0.937,160.767,634.460,-129.333
-3.985,-1.204,-0.727,164.429,680.969,-115.356
-4.000,-1.636,-2.033,152.466,584.900,-78.918
-3.924,-1.676,-2.483,118.225,433.716,-2.136
-3.730,-0.882,-2.281,94.299,279.053,101.624
-3.443,0.171,-1.788,72.754,158.630,181.091
-3.149,0.763,-1.688,64.941,90.088,197.083
-2.846,0.863,-1.860,66.223,42.908,175.110
-2.494,0.911,-1.771,61.035,-17.334,159.790
-2.055,1.142,-1.201,37.048,-89.294,162.415
-1.553,1.421,-0.493,11.841,-146.545,163.879
-1.099,1.555,0.063,0.793,-169.861,146.729
-0.720,1.439,0.230,-4.333,-158.813,110.291
-0.400,1.117,0.230,-6.714,-142.883,72.083
-0.141,0.751,0.346,-11.169,-141.052,46.875
0.057,0.422,0.499,-18.311,-139.587,37.292
0.195,0.248,0.505,-17.822,-126.709,41.748
0.305,0.390,0.333,-5.371,-108.948,59.387
0.366,0.723,0.119,11.047,-98.145,75.684
0.427,1.012,-0.066,23.926,-95.825,75.500
0.496,1.098,-0.064,31.677,-102.966,59.265
0.586,1.063,0.049,32.715,-108.765,37.598
0.645,1.040,0.074,25.146,-104.492,21.729
0.665,0.992,-0.030,17.517,-94.421,7.385
0.678,0.930,-0.088,13.977,-91.248,-6.592
0.678,0.781,-0.033,13.245,-95.703,-21.301
0.652,0.551,-0.036,12.207,-95.703,-33.142
0.625,0.347,-0.120,9.888,-93.201,-35.095
0.634,0.247,-0.126,0.305,-95.947,-27.466
0.663,0.214,-0.073,-6.958,-101.929,-16.785
0.677,0.194,0.013,-6.592,-106.384,-8.728
0.696,0.227,0.078,-4.150,-107.788,-1.709
0.673,0.268,0.030,-3.357,-103.271,4.150
0.647,0.297,-0.068,-1.282,-99.670,6.775
0.616,0.311,-0.076,1.343,-103.577,6.897
0.572,0.293,-0.078,5.249,-109.009,4.578
0.562,0.230,-0.135,9.583,-111.877,1.892
0.580,0.172,-0.207,10.742,-116.699,2.441
0.607,0.166,-0.194,10.132,-127.563,6.897
0.641,0.169,-0.128,12.817,-140.503,12.634
0.675,0.204,-0.033,10.559,-150.391,20.874
0.689,0.266,0.087,6.714,-156.250,30.273
0.719,0.350,0.187,6.165,-156.555,39.673
0.707,0.491,0.239,8.850,-151.733,47.058
0.656,0.614,0.173,10.864,-143.372,47.668
0.599,0.636,0.036,14.404,-137.573,39.246
0.544,0.591,-0.025,12.451,-140.991,26.611
0.539,0.523,0.028,12.024,-152.893,15.015
0.610,0.457,0.119,17.334,-165.588,4.089
0.696,0.379,0.223,27.161,-175.720,-6.226
0.785,0.276,0.310,40.039,-181.213,-15.869
0.801,0.182,0.393,48.889,-182.983,-20.325
0.798,0.195,0.450,52.002,-180.664,-15.015
0.759,0.292,0.480,47.852,-176.575,-5.188
0.732,0.335,0.538,36.011,-173.706,1.648
0.700,0.413,0.620,16.052,-172.791,8.728
0.694,0.489,0.683,-4.089,-168.457,14.771
0.701,0.577,0.687,-11.414,-162.231,16.296
0.799,0.665,0.682,-6.653,-159.363,12.207
0.853,0.742,0.770,7.385,-162.964,1.343
0.930,0.770,0.886,29.968,-165.710,-14.526
0.959,0.617,0.929,44.556,-157.776,-36.072
0.951,0.332,0.834,52.490,-142.517,-53.650
0.918,0.209,0.699,47.241,-129.150,-51.208
0.903,0.219,0.672,39.429,-126.099,-38.696
0.888,0.225,0.767,29.663,-129.761,-29.114
0.854,0.223,0.849,19.409,-129.150,-21.912
0.836,0.275,0.861,7.874,-122.070,-12.573
0.847,0.422,0.847,-2.441,-114.929,-4.211
0.875,0.633,0.850,-5.798,-112.549,-1.404
0.899,0.764,0.914,-2.014,-113.953,-9.521
0.923,0.761,0.949,15.686,-113.281,-29.846
0.924,0.663,0.951,37.537,-109.680,-54.260
0.922,0.517,0.867,56.152,-102.356,-74.707
0.908,0.354,0.761,69.580,-96.436,-90.332
0.892,0.212,0.736,77.271,-95.703,-98.755
0.884,-0.028,0.772,77.759,-98.938,-103.638
0.879,-0.341,0.821,53.650,-98.511,-98.572
0.866,-0.463,0.841,22.522,-94.666,-72.327
0.892,-0.306,0.939,-9.155,-91.431,-28.687
0.919,0.084,0.986,-41.321,-82.764,11.658
0.924,0.516,0.973,-46.021,-72.693,33.081
0.962,0.866,1.024,-30.273,-71.167,28.809
0.999,1.012,1.169,-1.282,-73.853,2.502
0.989,0.958,1.289,32.227,-69.946,-36.438
0.982,0.743,1.244,59.143,-54.565,-75.928
0.933,0.453,1.078,76.172,-36.621,-104.980
0.906,0.250,0.895,82.825,-24.719,-117.920
0.875,0.048,0.771,85.876,-22.949,-121.216
0.868,-0.236,0.766,79.468,-28.503,-119.812
0.868,-0.463,0.827,58.838,-33.752,-104.248
0.876,-0.418,0.898,31.128,-34.485,-69.092
0.870,-0.196,0.858,5.432,-28.320,-28.625
0.860,0.119,0.829,-10.498,-24.475,0.061
0.860,0.387,0.834,-24.292,-23.193,13.672
0.845,0.567,0.853,-30.518,-21.301,11.780
0.843,0.683,0.885,-27.161,-18.188,0.366
0.820,0.657,0.898,-14.526,-13.428,-19.714

3.460,-0.108,1.069,18.677,-56.030,49.072
3.958,0.414,2.157,0.061,-60.181,90.576
4.000,1.300,3.272,4.211,-25.452,121.399
4.000,2.065,4.000,27.344,2.808,116.394
4.000,1.809,4.000,26.123,21.362,47.180
3.966,0.412,4.000,2.563,85.388,-63.354
3.333,-0.897,4.000,-3.174,231.873,-124.939
2.599,-1.522,4.000,33.142,376.404,-118.103
1.634,-2.503,4.000,83.984,455.811,-121.338
0.385,-3.589,4.000,110.718,519.531,-136.169
-1.040,-4.000,4.000,149.475,608.215,-103.821
-2.276,-4.000,4.000,160.767,700.317,2.319
-3.262,-2.657,3.737,139.465,750.793,202.148
-3.990,-0.018,2.473,112.732,774.414,391.357
-4.000,2.161,1.466,80.627,820.984,471.741
-4.000,3.682,-0.230,61.646,885.132,429.260
-4.000,3.982,-2.144,69.275,832.153,250.916
-3.998,2.209,-2.675,62.378,642.334,-12.451
-3.704,-0.648,-1.855,80.139,408.081,-220.093
-3.366,-2.788,-1.530,80.322,276.794,-256.287
-3.063,-3.183,-1.448,55.115,196.472,-106.018
-2.747,-1.758,-0.809,19.775,96.375,114.441
-2.506,-0.398,-0.052,8.362,12.390,235.596
-2.252,0.086,0.209,27.100,-14.771,238.953
-1.997,0.214,0.230,44.983,-20.203,214.050
-1.774,0.524,0.166,51.514,-30.701,208.801
-1.553,0.929,-0.039,60.486,-38.269,208.984
-1.304,1.266,-0.218,61.096,-49.561,195.435
-1.063,1.492,-0.296,59.814,-67.139,169.189
-0.822,1.622,-0.287,51.147,-85.144,135.742
-0.604,1.594,-0.325,43.152,-97.595,96.863
-0.378,1.400,-0.377,35.645,-108.154,55.237
-0.151,1.112,-0.288,18.738,-123.169,21.790
0.068,0.915,-0.097,-0.183,-135.925,2.686
0.271,0.808,0.062,-16.724,-138.916,-5.005
0.462,0.735,0.245,-30.701,-135.010,-12.085
0.609,0.669,0.391,-35.950,-127.136,-20.630
0.704,0.506,0.364,-30.884,-109.802,-32.776
0.797,0.283,0.256,-22.827,-92.529,-41.443
0.878,0.133,0.288,-19.348,-86.548,-38.330
0.944,0.135,0.280,-18.311,-80.444,-24.597
0.996,0.183,0.155,-19.287,-68.848,-8.972
1.016,0.312,0.040,-18.677,-62.927,3.906
1.016,0.483,0.010,-20.020,-63.354,14.893
1.023,0.586,-0.007,-15.930,-64.697,17.883
1.023,0.643,-0.047,-11.230,-64.270,15.930
1.003,0.719,-0.012,-7.080,-66.833,13.062
0.974,0.796,0.108,-5.920,-70.435,8.423
0.927,0.829,0.206,-5.493,-69.275,0.488
0.871,0.770,0.193,-6.042,-62.134,-10.559
0.839,0.668,0.111,-4.272,-55.298,-22.400
0.790,0.540,0.084,-3.967,-55.786,-31.555
0.733,0.406,0.011,-3.845,-58.167,-37.964
0.711,0.233,-0.084,-2.319,-61.646,-41.321
0.695,0.073,-0.148,-0.488,-68.359,-39.856
0.661,-0.001,-0.145,1.221,-78.003,-30.884
0.627,-0.021,-0.133,0.671,-86.609,-16.724
0.594,0.021,-0.170,-0.671,-92.834,-1.282
0.553,0.170,-0.156,-4.700,-100.830,15.808
0.542,0.373,-0.134,-10.254,-110.291,29.114
0.517,0.525,-0.037,-10.925,-120.911,31.067
0.552,0.642,0.061,-9.216,-128.906,25.574
0.582,0.702,0.099,-2.930,-130.920,13.184
0.600,0.614,0.022,4.700,-129.333,-5.127
0.626,0.441,-0.024,15.259,-131.958,-22.827
0.669,0.261,0.068,26.917,-142.273,-34.058
0.703,0.125,0.241,35.339,-152.405,-37.170
0.740,0.021,0.348,37.415,-153.564,-31.799
0.748,-0.011,0.393,30.457,-146.362,-17.273
0.737,0.046,0.396,16.907,-137.695,1.709
0.753,0.193,0.410,2.075,-132.446,21.057
0.772,0.385,0.444,-10.010,-129.883,34.058
0.767,0.585,0.472,-12.207,-127.258,36.682
0.800,0.740,0.490,-9.827,-125.061,28.076
0.856,0.768,0.504,-2.747,-123.657,8.667
0.914,0.711,0.578,6.897,-123.596,-14.282
0.931,0.600,0.673,20.264,-124.023,-35.828
0.947,0.414,0.645,29.358,-117.615,-53.650
0.928,0.115,0.593,32.837,-112.061,-65.125
0.914,-0.074,0.545,25.391,-109.558,-59.265
0.895,-0.038,0.573,11.353,-111.633,-38.147
0.887,0.092,0.682,-3.479,-115.601,-16.052
0.861,0.081,0.727,-9.644,-114.685,-4.517
0.865,0.239,0.703,-14.465,-107.239,9.766
0.849,0.439,0.652,-22.949,-100.159,21.729
0.844,0.574,0.608,-28.198,-96.008,21.973
0.843,0.643,0.615,-30.029,-93.811,13.977
0.833,0.680,0.603,-23.804,-91.492,1.404
0.821,0.660,0.603,-14.160,-88.745,-14.526
0.796,0.525,0.572,0.916,-87.219,-34.485
0.779,0.358,0.605,17.090,-89.905,-51.392
0.764,0.148,0.650,30.701,-93.689,-62.256
0.746,-0.004,0.647,35.034,-93.872,-62.866
0.744,-0.079,0.667,27.039,-95.642,-53.101
0.748,-0.020,0.760,14.160,-99.182,-36.865
0.723,0.075,0.812,11.353,-100.281,-20.569
0.716,0.215,0.792,2.930,-95.642,-7.568
0.705,0.352,0.768,-3.723,-91.431,-0.549
0.760,0.582,0.862,-11.414,-92.773,0.732
0.774,0.795,0.951,-0.671,-92.407,-10.010
0.836,0.857,1.008,20.874,-88.318,-38.086
0.830,0.626,1.005,44.922,-79.407,-77.637
0.833,0.257,0.829,72.571,-65.063,-110.840
0.802,-0.054,0.669,92.590,-57.983,-124.329
0.847,-0.426,0.640,99.854,-62.683,-123.535
0.871,-0.672,0.760,71.594,-71.533,-99.670
0.914,-0.720,0.973,25.940,-76.660,-56.213
0.939,-0.436,1.111,-15.381,-71.045,-3.845
0.948,-0.058,1.120,-43.640,-57.373,36.926
0.937,0.231,1.085,-58.777,-44.861,55.115
0.940,0.499,1.059,-58.105,-37.109,57.495
0.900,0.752,1.012,-42.175,-31.494,47.974
0.891,0.883,0.932,-20.081,-27.283,24.719
0.864,0.771,0.956,-2.869,-27.893,-9.827
0.833,0.553,0.955,17.334,-26.672,-42.114
0.806,0.344,0.886,35.828,-21.179,-62.073
0.780,0.134,0.814,49.744,-18.005,-71.167
0.777,0.005,0.838,47.485,-19.348,-67.566
0.769,0.013,0.876,40.588,-19.958,-54.077

3.362,-0.608,0.820,-43.030,-40.955,15.259
3.998,-0.417,1.985,-98.022,-51.697,76.477
4.000,0.300,3.280,-146.484,-33.691,141.968
4.000,1.554,4.000,-139.160,13.550,176.941
4.000,2.627,4.000,-74.097,63.110,139.832
4.000,2.285,4.000,2.014,96.252,0.977
4.000,0.346,4.000,57.678,120.422,-178.345
2.992,-2.050,4.000,55.420,233.398,-275.696
1.410,-3.792,4.000,54.871,406.006,-260.925
-0.145,-4.000,4.000,55.176,587.524,-151.611
-1.491,-3.835,4.000,63.843,714.111,1.953
-2.605,-2.426,4.000,56.824,751.099,156.982
-3.552,-0.555,3.323,38.879,761.902,274.597
-4.000,1.298,1.976,34.180,802.063,326.355
-4.000,2.563,0.604,25.146,861.877,292.480
-4.000,2.545,-1.109,58.899,788.574,146.301
-3.911,0.703,-1.167,83.191,590.210,-39.612
-3.663,-1.662,-0.316,88.440,404.968,-153.748
-3.522,-3.064,-0.330,80.200,335.022,-127.380
-3.347,-2.323,-0.877,63.599,299.377,42.053
-3.157,-0.239,-0.780,34.668,217.712,235.535
-2.856,1.162,-0.551,10.681,139.709,297.791
-2.512,1.704,-0.468,16.602,94.360,255.005
-2.188,1.571,-0.378,34.302,57.739,177.429
-1.879,1.188,-0.268,55.664,28.015,109.924
-1.582,1.133,-0.206,76.172,7.996,72.266
-1.316,1.099,-0.274,94.971,-3.601,41.870
-1.029,0.613,-0.390,94.482,-15.076,5.615
-0.734,0.053,-0.332,63.416,-32.532,-9.521
-0.445,0.017,-0.231,27.039,-47.424,11.475
-0.183,0.327,-0.277,9.277,-51.086,40.161
0.023,0.469,-0.297,0.610,-55.664,45.776
0.184,0.439,-0.287,-15.259,-60.730,39.917
0.327,0.432,-0.199,-36.621,-63.110,40.405
0.488,0.609,-0.046,-53.345,-62.744,48.462
0.592,0.890,0.004,-58.472,-55.176,51.147
0.703,0.959,-0.042,-54.810,-43.518,35.156
0.755,0.829,-0.026,-44.800,-37.842,10.315
0.787,0.664,-0.047,-38.147,-30.823,-5.005
0.792,0.599,-0.135,-32.166,-22.888,-10.315
0.792,0.610,-0.175,-27.710,-21.484,-11.169
0.765,0.571,-0.164,-20.691,-24.841,-15.869
0.732,0.451,-0.184,-12.268,-26.611,-22.949
0.694,0.290,-0.233,-7.324,-27.710,-26.550
0.661,0.156,-0.260,-6.653,-31.250,-23.499
0.641,0.088,-0.271,-6.470,-35.889,-14.465
0.637,0.068,-0.277,-5.432,-39.612,-3.479
0.608,0.106,-0.300,-4.028,-43.274,7.629
0.596,0.167,-0.268,-2.014,-49.744,17.029
0.584,0.222,-0.266,3.235,-56.763,22.156
0.556,0.303,-0.290,4.456,-62.622,27.222
0.542,0.375,-0.270,3.235,-69.336,30.334
0.519,0.487,-0.258,4.883,-77.148,31.128
0.494,0.587,-0.241,3.418,-83.679,29.236
0.469,0.580,-0.261,5.798,-89.417,20.386
0.443,0.517,-0.335,7.874,-93.567,10.498
0.412,0.419,-0.405,13.184,-101.196,2.197
0.401,0.313,-0.388,18.372,-114.502,-2.625
0.425,0.227,-0.320,23.132,-129.028,-4.089
0.462,0.122,-0.222,29.053,-140.686,-4.211
0.503,-0.012,-0.045,35.278,-150.024,-2.319
0.579,-0.058,0.128,37.781,-152.893,8.057
0.594,0.030,0.230,39.307,-146.790,27.100
0.618,0.246,0.237,35.583,-136.536,47.791
0.623,0.448,0.164,32.593,-127.991,61.462
0.641,0.610,0.081,29.297,-124.512,65.857
0.643,0.767,0.061,26.550,-127.747,62.561
0.619,0.903,0.121,24.719,-135.315,51.636
0.605,0.941,0.190,24.414,-142.090,32.288
0.601,0.817,0.203,27.710,-145.813,6.104
0.605,0.635,0.175,37.659,-149.475,-17.456
0.612,0.457,0.213,47.913,-158.508,-34.058
0.669,0.292,0.341,53.467,-170.593,-42.297
0.738,0.142,0.506,53.772,-178.528,-42.358
0.801,0.109,0.610,46.570,-178.650,-32.166
0.822,0.078,0.725,30.701,-172.302,-16.052
0.837,0.117,0.811,12.939,-161.316,2.136
0.817,0.286,0.890,-2.502,-147.766,23.254
0.791,0.495,0.781,-6.836,-129.333,37.659
0.716,0.630,0.557,-2.625,-114.868,37.720
0.673,0.713,0.451,-6.042,-115.051,29.663
0.649,0.651,0.547,-4.272,-127.869,14.954
0.669,0.599,0.541,1.953,-133.667,2.747
0.720,0.663,0.509,10.803,-136.658,-4.761
0.766,0.651,0.615,25.635,-146.240,-18.188
0.801,0.492,0.756,41.382,-153.320,-37.415
0.816,0.311,0.850,52.917,-151.917,-50.293
0.835,0.132,0.930,56.274,-146.362,-53.467
0.839,-0.037,1.031,47.791,-139.343,-47.058
0.839,-0.068,1.062,31.372,-127.747,-27.527
0.797,0.159,0.987,12.329,-112.854,0.488
0.767,0.397,0.868,-3.174,-102.234,21.545
0.763,0.618,0.860,-19.653,-102.173,31.433
0.722,0.845,0.848,-30.334,-104.797,33.203
0.691,0.989,0.895,-22.888,-108.032,23.071
0.674,1.115,0.920,-5.493,-110.718,4.028
0.661,1.022,0.915,21.362,-110.413,-29.053
0.674,0.763,0.821,50.293,-108.826,-66.833
0.677,0.506,0.901,68.848,-113.037,-92.407
0.702,0.293,0.980,75.439,-114.014,-105.347
0.694,0.003,0.877,78.003,-104.065,-111.572
0.731,-0.379,0.807,74.951,-98.694,-109.497
0.779,-0.640,0.982,44.861,-103.699,-86.609
0.824,-0.557,1.175,7.812,-102.051,-40.955
0.886,-0.137,1.250,-19.470,-88.257,7.751
0.922,0.313,1.220,-29.480,-73.059,35.889
0.934,0.674,1.189,-25.818,-64.880,38.452
0.935,0.881,1.122,-15.686,-60.242,21.851
0.927,0.861,1.105,-0.549,-59.021,-6.653
0.911,0.702,1.172,13.367,-61.951,-34.851
0.891,0.443,1.145,23.682,-56.152,-55.725
0.866,0.249,1.081,28.381,-47.241,-64.453
0.819,0.126,1.015,31.311,-41.626,-62.744
0.814,0.017,0.974,31.128,-38.879,-57.678
0.786,-0.067,1.023,26.489,-38.147,-47.974
0.783,-0.010,1.076,21.118,-34.180,-31.677
0.762,0.113,1.105,12.024,-26.123,-15.076
0.730,0.265,1.023,3.784,-14.343,-4.150
0.691,0.358,0.858,-4.456,-3.296,-0.916

1.834,-0.473,0.849,-27.161,-19.409,8.301
2.298,-0.223,1.056,-50.964,-13.428,53.650
2.816,0.436,1.411,-59.753,-3.418,97.046
3.376,1.357,2.076,-61.890,7.263,120.605
3.933,2.337,3.062,-41.809,19.531,113.464
4.000,3.248,3.948,23.560,54.749,67.200
4.000,3.518,4.000,119.690,121.826,-31.189
4.000,2.305,4.000,198.792,202.820,-169.189
3.877,-0.487,4.000,178.284,242.676,-286.316
3.566,-2.999,4.000,72.937,217.896,-304.993
2.958,-4.000,4.000,-20.203,190.247,-217.773
1.912,-3.990,4.000,-37.231,285.522,-64.941
0.600,-3.010,4.000,-5.005,437.195,58.533
-0.753,-2.415,4.000,-13.672,573.792,115.723
-2.021,-1.351,4.000,-52.246,675.110,159.546
-3.090,0.252,4.000,-60.120,751.343,192.627
-3.968,1.772,3.051,-17.395,821.106,181.702
-4.000,2.326,1.289,16.724,890.991,118.652
-4.000,1.676,-0.941,40.344,855.652,-0.610
-4.000,0.135,-1.096,61.340,644.287,-110.474
-4.000,-1.178,-0.575,84.839,470.581,-136.230
-4.000,-1.696,-0.744,97.473,399.353,-85.876
-3.955,-1.176,-0.912,75.195,340.454,19.287
-3.672,-0.292,-0.547,37.109,257.629,114.807
-3.443,0.139,-0.367,16.479,201.538,152.588
-3.204,0.204,-0.557,18.982,172.913,155.273
-2.949,0.264,-0.780,24.414,141.968,160.034
-2.646,0.517,-0.887,24.963,101.624,171.753
-2.321,0.893,-0.918,22.644,60.120,178.528
-1.976,1.202,-0.938,25.208,23.071,169.617
-1.628,1.322,-0.922,27.893,-10.315,145.874
-1.276,1.346,-0.909,24.963,-38.696,119.385
-0.941,1.382,-0.812,22.827,-66.467,94.910
-0.599,1.384,-0.600,24.414,-95.093,68.176
-0.271,1.292,-0.338,18.982,-118.530,38.086
0.032,1.069,-0.077,11.780,-133.057,8.728
0.313,0.794,0.124,2.747,-136.169,-10.742
0.526,0.565,0.220,-5.859,-126.648,-19.348
0.687,0.326,0.294,-13.733,-112.244,-21.423
0.772,0.172,0.248,-20.325,-93.384,-14.954
0.810,0.037,0.050,-30.640,-70.679,-3.357
0.847,0.001,-0.148,-44.739,-54.443,13.855
0.875,0.173,-0.281,-54.993,-47.668,36.987
0.900,0.453,-0.309,-54.749,-47.607,52.734
0.919,0.617,-0.303,-46.692,-49.805,52.063
0.961,0.737,-0.239,-34.180,-53.528,42.480
1.011,0.798,-0.089,-16.968,-59.387,29.297
1.047,0.680,0.009,-3.235,-59.753,11.353
1.069,0.577,-0.040,6.409,-52.368,-0.977
1.062,0.528,-0.097,11.841,-47.424,-3.906
1.029,0.469,-0.093,12.756,-49.866,-5.432
0.987,0.389,-0.039,10.010,-53.345,-4.883
0.942,0.363,-0.033,6.836,-53.528,-1.526
0.911,0.327,-0.109,3.052,-51.025,2.563
0.873,0.332,-0.165,1.221,-50.964,6.775
0.866,0.352,-0.184,1.038,-52.795,11.414
0.826,0.380,-0.225,-1.526,-52.246,16.052
0.776,0.462,-0.363,-6.287,-47.546,23.071
0.729,0.641,-0.476,-9.766,-46.753,29.846
0.670,0.774,-0.514,-10.010,-51.697,28.748
0.596,0.834,-0.515,-5.859,-59.753,19.470
0.538,0.821,-0.514,1.343,-68.481,5.066
0.469,0.706,-0.481,9.277,-78.491,-10.620
0.414,0.534,-0.476,17.212,-88.745,-25.269
0.409,0.375,-0.464,26.245,-100.342,-35.034
0.428,0.208,-0.368,33.875,-115.540,-40.344
0.451,0.019,-0.200,39.063,-129.333,-41.565
0.527,-0.095,-0.027,40.161,-136.841,-33.813
0.596,-0.049,0.126,37.598,-137.756,-17.151
0.633,0.057,0.212,34.424,-132.507,-0.305
0.669,0.204,0.196,29.846,-123.413,13.611
0.676,0.357,0.084,26.489,-115.173,23.010
0.658,0.474,0.050,21.851,-114.075,25.696
0.653,0.607,0.088,16.113,-118.774,24.231
0.653,0.676,0.122,16.113,-122.192,15.991
0.669,0.609,0.131,22.461,-124.756,-0.122
0.697,0.389,0.083,33.081,-127.563,-19.104
0.714,0.206,0.111,39.612,-135.742,-29.480
0.738,0.121,0.252,39.429,-147.827,-27.039
0.744,0.114,0.424,34.973,-155.396,-18.066
0.783,0.123,0.552,30.457,-153.809,-7.751
0.801,0.229,0.639,24.475,-145.142,4.761
0.830,0.375,0.635,20.752,-132.690,15.503
0.843,0.493,0.567,16.907,-120.667,18.616
0.838,0.537,0.497,11.292,-112.854,14.709
0.823,0.524,0.444,8.484,-109.619,7.141
0.794,0.498,0.413,10.803,-109.924,-0.610
0.758,0.418,0.351,20.264,-112.183,-9.827
0.720,0.298,0.297,28.992,-118.774,-18.860
0.710,0.255,0.354,31.555,-130.676,-20.020
0.673,0.295,0.536,31.921,-146.057,-16.541
0.666,0.355,0.688,33.447,-156.921,-14.160
0.624,0.414,0.783,33.264,-158.325,-15.564
0.636,0.430,0.858,35.278,-154.663,-19.287
0.635,0.480,0.990,38.086,-151.306,-22.888
0.626,0.426,1.025,39.978,-139.954,-29.480
0.591,0.261,0.923,36.072,-120.422,-37.048
0.559,0.133,0.703,26.062,-101.929,-36.194
0.546,0.094,0.519,17.273,-95.642,-28.748
0.564,0.141,0.533,14.893,-104.858,-19.836
0.594,0.202,0.679,16.052,-117.065,-14.099
0.626,0.220,0.800,17.456,-121.948,-13.000
0.672,0.273,0.863,19.470,-120.728,-11.230
0.728,0.330,0.972,29.358,-120.972,-9.705
0.745,0.426,1.079,36.255,-120.544,-9.644
0.736,0.439,1.095,44.312,-113.464,-14.160
0.740,0.422,1.036,48.767,-103.821,-21.851
0.732,0.429,0.961,52.124,-96.985,-27.283
0.721,0.372,1.021,44.434,-97.168,-33.508
0.707,0.272,0.999,28.015,-91.980,-37.598
0.707,0.241,0.908,22.278,-84.351,-35.767
0.730,0.262,0.927,18.677,-83.496,-30.151
0.781,0.349,0.971,11.658,-82.825,-23.865
0.825,0.414,1.056,13.672,-83.435,-23.560
0.859,0.438,1.120,24.658,-80.688,-28.687
0.888,0.394,1.185,33.752,-76.050,-38.147
0.904,0.342,1.263,44.495,-70.679,-46.875
0.910,0.274,1.321,55.176,-62.073,-53.467
0.907,0.172,1.320,59.875,-49.805,-57.495

3.397,-0.181,1.089,-55.542,-10.925,37.903
3.980,0.199,2.224,-87.708,-13.733,71.655
4.000,1.004,3.432,-87.952,11.108,96.558
4.000,1.525,4.000,-14.099,51.880,65.308
4.000,1.476,4.000,95.886,68.298,-12.085
4.000,0.593,4.000,174.133,73.303,-109.009
3.440,-0.901,4.000,189.514,107.300,-175.781
2.208,-2.766,4.000,133.545,224.426,-194.214
0.562,-4.000,4.000,65.430,384.949,-174.866
-1.131,-4.000,4.000,30.212,582.520,-81.482
-2.491,-3.979,4.000,53.345,749.390,71.533
-3.392,-2.267,4.000,70.984,809.387,225.769
-4.000,-0.244,2.792,51.941,818.665,322.449
-4.000,1.496,1.381,33.325,864.929,348.511
-4.000,2.727,-0.625,47.729,914.368,298.340
-4.000,2.434,-2.125,83.130,784.546,141.846
-4.000,0.401,-1.773,101.868,553.589,-39.856
-4.000,-1.565,-1.176,108.398,386.597,-115.479
-3.987,-1.973,-1.356,91.980,320.374,-36.926
-3.636,-0.594,-1.207,59.570,241.333,123.230
-3.266,0.548,-0.580,27.771,146.179,211.182
-2.892,0.927,-0.317,24.902,95.520,203.064
-2.531,1.014,-0.461,30.334,75.928,174.988
-2.167,1.033,-0.610,31.311,52.429,155.090
-1.808,1.181,-0.653,37.048,22.827,144.592
-1.426,1.473,-0.661,50.476,-2.747,134.949
-1.062,1.825,-0.592,61.523,-25.696,115.906
-0.766,1.922,-0.503,69.519,-44.556,74.524
-0.487,1.559,-0.385,63.599,-57.556,18.127
-0.248,0.899,-0.236,36.926,-65.979,-26.672
-0.048,0.362,-0.157,9.033,-68.787,-42.603
0.130,0.110,-0.145,-23.193,-66.711,-34.485
0.277,-0.035,-0.160,-48.279,-65.979,-21.729
0.413,-0.190,-0.134,-64.819,-69.214,-12.939
0.520,-0.313,-0.086,-74.463,-73.181,-3.357
0.587,-0.314,-0.017,-74.951,-77.576,10.620
0.630,-0.330,-0.024,-73.120,-75.867,25.574
0.671,-0.304,-0.038,-71.472,-71.960,43.396
0.706,-0.163,0.072,-70.435,-70.862,66.223
0.695,0.142,0.107,-64.941,-64.941,88.379
0.671,0.389,-0.063,-58.899,-50.476,98.816
0.625,0.592,-0.184,-51.575,-46.448,98.633
0.622,0.835,-0.164,-41.016,-55.420,94.360
0.615,1.022,-0.036,-23.987,-66.772,81.665
0.613,1.005,0.059,-2.563,-71.960,56.458
0.611,0.803,0.006,14.893,-68.909,28.198
0.610,0.601,-0.119,25.146,-65.552,10.681
0.593,0.533,-0.200,32.104,-69.763,4.822
0.573,0.489,-0.219,37.170,-79.407,1.221
0.560,0.364,-0.224,39.795,-88.684,-3.479
0.547,0.145,-0.215,35.645,-95.825,-5.310
0.494,0.055,-0.150,25.208,-103.027,4.883
0.493,0.149,-0.076,12.390,-107.178,26.855
0.500,0.329,-0.082,2.441,-106.995,46.204
0.536,0.550,-0.178,-1.831,-106.079,57.556
0.568,0.759,-0.193,-1.953,-113.770,58.411
0.668,0.902,-0.038,3.845,-129.150,47.852
0.748,0.926,0.215,15.137,-142.334,28.259
0.796,0.772,0.302,31.738,-140.564,3.906
0.799,0.513,0.179,43.396,-128.479,-15.198
0.786,0.312,0.074,47.058,-123.962,-20.691
0.773,0.215,0.142,41.382,-130.981,-14.587
0.776,0.185,0.261,30.701,-137.634,-3.540
0.747,0.183,0.315,19.348,-136.841,8.728
0.743,0.324,0.336,5.737,-133.606,25.146
0.737,0.518,0.349,-0.366,-132.385,37.781
0.772,0.764,0.301,-0.305,-129.822,42.908
0.816,0.910,0.336,3.052,-133.179,35.095
0.852,0.934,0.503,11.597,-141.052,17.944
0.853,0.798,0.629,17.639,-140.015,-1.892
0.862,0.639,0.580,27.344,-126.648,-17.456
0.859,0.499,0.500,33.447,-116.394,-26.245
0.836,0.341,0.498,36.316,-114.746,-31.067
0.818,0.185,0.524,33.936,-115.295,-30.762
0.790,0.130,0.598,27.100,-116.455,-22.034
0.822,0.182,0.696,17.151,-116.150,-8.057
0.783,0.267,0.753,11.292,-111.755,2.808
0.816,0.439,0.736,5.920,-105.286,10.986
0.836,0.561,0.765,-0.244,-101.379,12.878
0.811,0.592,0.662,-1.465,-95.215,7.690
0.827,0.733,0.547,-5.676,-88.806,4.822
0.824,0.861,0.607,-4.028,-93.567,-1.160
0.828,0.808,0.680,6.226,-95.764,-17.578
0.806,0.625,0.637,15.686,-89.417,-35.828
0.788,0.492,0.543,21.484,-83.008,-44.678
0.776,0.427,0.567,24.475,-85.815,-46.265
0.775,0.348,0.679,25.513,-91.919,-47.241
0.773,0.226,0.768,23.987,-94.055,-47.180
0.771,0.179,0.830,18.616,-91.980,-40.710
0.765,0.233,0.872,12.695,-88.501,-29.785
0.767,0.371,0.919,9.277,-84.778,-20.142
0.767,0.496,0.929,12.024,-79.651,-17.761
0.786,0.538,0.885,18.494,-72.510,-23.621
0.765,0.489,0.788,22.644,-65.491,-33.752
0.753,0.403,0.714,23.315,-62.195,-42.725
0.732,0.309,0.701,19.348,-62.683,-48.157
0.732,0.178,0.685,24.170,-62.500,-51.086
0.703,0.129,0.636,22.278,-60.242,-47.302
0.696,0.052,0.568,21.301,-59.570,-41.321
0.695,0.031,0.612,14.893,-65.247,-32.593
0.718,0.096,0.704,6.409,-70.984,-19.897
0.752,0.290,0.885,4.211,-76.965,-8.240
0.767,0.453,1.073,3.296,-79.590,-6.042
0.785,0.500,1.158,14.282,-73.120,-14.404
0.758,0.484,1.182,27.710,-63.293,-26.062
0.760,0.449,1.102,35.278,-50.415,-35.400
0.710,0.386,0.994,40.100,-39.734,-43.396
0.703,0.243,0.906,44.312,-35.522,-49.316
0.689,0.153,0.823,41.443,-33.264,-49.805
0.677,0.110,0.760,36.682,-32.410,-45.288
0.671,0.037,0.745,28.442,-33.936,-41.504
0.671,-0.050,0.714,19.348,-34.607,-36.011
0.675,-0.046,0.725,11.902,-35.950,-24.780
0.690,0.114,0.776,4.028,-37.964,-9.583
0.704,0.288,0.833,2.014,-38.818,-1.709
0.712,0.377,0.877,6.226,-38.574,-3.845
0.721,0.409,0.938,14.526,-38.208,-12.329
0.726,0.390,0.991,23.132,-35.583,-23.132
0.722,0.321,0.979,31.067,-30.273,-33.264

2.671,0.118,0.038,81.787,-9.277,-24.597
3.313,-0.385,0.648,67.444,-45.532,-24.475
3.798,-0.886,2.348,-23.254,-94.849,5.432
4.000,-0.834,4.000,-158.386,-118.103,76.050
4.000,-0.021,4.000,-219.055,-59.204,151.733
4.000,1.174,4.000,-162.842,89.172,183.960
4.000,1.808,4.000,-19.775,201.050,129.395
3.656,1.279,4.000,95.215,206.543,5.737
2.521,-0.394,4.000,113.464,194.641,-115.540
0.806,-2.083,4.000,79.285,271.973,-163.269
-1.106,-3.005,4.000,99.365,483.643,-122.437
-2.798,-2.734,4.000,132.141,771.484,-15.625
-3.953,-1.831,3.338,119.385,967.163,107.788
-4.000,-0.069,1.162,71.167,1034.546,241.943
-4.000,2.188,-0.556,7.202,988.892,324.585
-4.000,3.215,-1.165,7.874,781.311,232.849
-4.000,1.427,-0.400,73.608,560.913,2.991
-4.000,-1.643,-0.259,116.028,465.149,-191.345
-4.000,-3.410,-1.232,78.552,472.473,-197.449
-4.000,-2.998,-2.118,14.832,424.988,-19.043
-3.867,-0.997,-1.573,-7.996,268.066,190.735
-3.499,0.233,-0.488,-23.743,125.061,266.357
-3.186,0.561,-0.106,-16.357,76.111,238.464
-2.878,0.475,-0.403,-5.737,76.294,198.730
-2.535,0.461,-0.683,3.174,60.059,183.899
-2.137,0.849,-0.748,11.841,24.780,195.557
-1.720,1.424,-0.719,22.095,-8.728,207.581
-1.287,1.961,-0.734,29.663,-32.104,194.763
-0.881,2.200,-0.649,35.706,-52.734,147.888
-0.531,2.007,-0.450,37.537,-72.327,76.843
-0.239,1.555,-0.328,39.429,-79.651,10.437
-0.001,1.162,-0.357,38.696,-78.064,-30.579
0.203,0.793,-0.286,25.330,-81.726,-53.223
0.370,0.484,-0.169,2.197,-86.060,-61.707
0.509,0.162,-0.137,-20.874,-81.116,-60.486
0.597,-0.034,-0.217,-41.626,-71.350,-47.668
0.647,-0.111,-0.345,-61.829,-63.049,-24.536
0.688,0.015,-0.345,-78.918,-64.453,0.000
0.732,0.179,-0.233,-80.383,-72.388,17.883
0.779,0.268,0.053,-72.693,-82.947,22.156
0.822,0.271,0.302,-55.237,-87.097,19.043
0.847,0.223,0.347,-39.124,-76.965,14.038
0.865,0.217,0.342,-23.315,-66.528,13.245
0.854,0.256,0.321,-10.132,-59.937,17.700
0.810,0.325,0.203,0.183,-51.819,22.278
0.783,0.442,0.061,6.042,-46.875,26.245
0.760,0.449,-0.033,10.803,-49.133,26.306
0.741,0.412,-0.078,7.935,-52.368,25.269
0.694,0.391,-0.207,-3.967,-51.208,29.480
0.646,0.433,-0.390,-16.968,-50.842,36.377
0.600,0.539,-0.464,-28.015,-60.181,43.213
0.541,0.709,-0.454,-35.583,-74.707,45.959
0.521,0.835,-0.429,-32.166,-89.966,39.185
0.543,0.814,-0.348,-19.348,-106.323,20.752
0.577,0.687,-0.181,-1.221,-122.681,-0.366
0.607,0.502,0.011,16.052,-132.935,-17.395
0.636,0.329,0.115,29.114,-132.629,-25.757
0.640,0.248,0.047,35.217,-122.131,-23.132
0.653,0.226,-0.071,35.583,-114.685,-15.564
0.651,0.195,-0.063,33.020,-119.324,-9.521
0.639,0.143,-0.005,30.090,-126.770,-4.883
0.641,0.104,0.044,24.536,-131.226,1.160
0.640,0.060,0.089,18.127,-134.399,11.353
0.679,0.162,0.181,6.104,-137.207,27.771
0.716,0.368,0.369,0.305,-141.479,43.945
0.799,0.653,0.563,-0.183,-141.479,52.673
0.872,0.902,0.649,8.911,-133.484,48.950
0.913,1.032,0.569,24.658,-119.751,32.593
0.920,0.984,0.502,37.598,-109.924,7.935
0.911,0.851,0.458,42.175,-104.980,-13.428
0.883,0.650,0.423,43.091,-102.051,-29.602
0.879,0.434,0.408,37.659,-100.891,-38.086
0.885,0.271,0.396,29.297,-100.098,-38.208
0.887,0.204,0.390,20.203,-99.731,-31.006
0.900,0.154,0.402,13.611,-101.013,-23.437
0.912,0.131,0.462,10.620,-103.577,-16.907
0.919,0.205,0.562,11.047,-105.896,-8.850
0.932,0.328,0.622,12.878,-103.027,-3.540
0.948,0.379,0.608,16.907,-95.459,-4.456
0.940,0.423,0.571,20.203,-88.562,-8.545
0.922,0.451,0.557,20.691,-84.656,-13.489
0.899,0.437,0.532,21.057,-81.482,-19.592
0.873,0.386,0.502,20.081,-78.796,-25.208
0.853,0.292,0.514,17.517,-79.041,-29.541
0.829,0.208,0.549,12.817,-80.261,-29.480
0.825,0.202,0.541,5.859,-78.491,-23.254
0.834,0.314,0.526,3.052,-77.942,-14.709
0.846,0.404,0.587,6.348,-81.665,-13.306
0.846,0.385,0.669,14.587,-84.839,-19.470
0.850,0.359,0.704,24.536,-83.191,-25.757
0.835,0.314,0.692,32.349,-79.041,-30.762
0.813,0.253,0.678,37.476,-75.439,-35.461
0.787,0.184,0.652,41.077,-73.059,-38.452
0.756,0.078,0.593,41.870,-71.411,-39.856
0.731,-0.014,0.560,34.973,-71.777,-35.950
0.706,-0.037,0.579,21.362,-75.012,-25.513
0.689,0.071,0.616,6.897,-77.637,-9.766
0.680,0.252,0.633,-5.737,-77.942,3.784
0.661,0.405,0.662,-19.653,-77.637,11.108
0.654,0.523,0.667,-24.658,-75.806,11.292
0.652,0.596,0.647,-13.245,-73.914,5.493
0.655,0.659,0.655,6.531,-75.195,-5.676
0.672,0.597,0.698,26.978,-78.186,-24.658
0.688,0.430,0.810,46.997,-82.397,-46.997
0.691,0.238,0.893,52.368,-82.214,-61.035
0.693,0.034,0.839,53.406,-73.792,-66.528
0.748,-0.227,0.805,44.800,-68.054,-64.270
0.756,-0.376,0.887,30.090,-70.374,-48.889
0.770,-0.247,0.995,14.954,-71.411,-19.470
0.805,0.118,1.035,-4.456,-64.636,10.010
0.810,0.384,1.010,-15.198,-55.725,21.179
0.816,0.607,0.964,-14.465,-48.706,17.761
0.829,0.776,0.925,-8.118,-45.715,5.920
0.844,0.745,0.968,12.756,-48.401,-18.799
0.856,0.567,1.013,34.241,-49.255,-47.424
0.849,0.310,1.008,49.072,-44.250,-68.542
0.846,0.084,0.933,57.434,-37.231,-77.393
0.854,-0.048,0.865,59.387,-33.875,-73.730
0.867,-0.111,0.919,52.673,-37.354,-62.073

1.364,-1.276,1.064,-28.015,8.240,-70.801
1.641,-1.216,1.297,-69.153,18.738,-7.812
1.939,-0.590,1.265,-80.505,45.593,59.082
2.397,0.075,1.085,-48.096,67.078,90.576
3.000,0.503,1.273,-1.770,59.814,79.407
3.613,0.937,1.757,50.171,42.603,48.828
4.000,1.460,2.350,108.521,40.161,14.465
4.000,1.478,3.268,141.052,41.992,-42.847
4.000,0.274,4.000,147.339,47.302,-131.042
4.000,-1.954,4.000,91.187,70.801,-205.811
4.000,-3.996,4.000,11.597,151.489,-217.773
3.429,-4.000,4.000,8.789,281.372,-130.859
2.611,-4.000,4.000,100.708,380.371,19.409
1.607,-3.654,4.000,134.705,424.255,152.100
0.351,-2.755,4.000,89.844,472.656,221.985
-0.969,-1.493,4.000,47.241,578.857,264.648
-2.231,-0.032,4.000,74.829,690.613,283.020
-3.445,1.228,3.449,122.070,776.733,268.982
-4.000,1.958,1.384,146.851,859.558,215.942
-4.000,2.212,-1.260,143.188,939.758,125.122
-4.000,1.375,-3.338,171.204,784.363,-16.418
-3.866,-1.375,-2.885,181.458,486.938,-167.419
-3.316,-3.515,-0.937,180.115,212.585,-185.974
-3.136,-3.049,0.936,134.949,55.542,3.479
-3.103,-1.349,1.886,84.106,18.372,216.003
-3.121,-0.046,2.280,48.035,31.128,308.167
-3.102,0.792,1.889,22.339,77.393,322.998
-3.028,1.137,0.647,17.334,145.935,299.927
-2.832,1.360,-0.606,26.978,170.044,270.264
-2.494,1.837,-1.239,32.104,126.343,255.066
-2.108,2.437,-1.263,38.696,52.429,240.662
-1.657,2.862,-1.093,40.161,-3.967,204.468
-1.204,2.917,-1.062,39.001,-30.334,141.907
-0.752,2.440,-0.906,32.776,-52.734,64.148
-0.345,1.751,-0.438,22.156,-84.412,-3.357
-0.014,1.037,0.112,11.353,-107.788,-46.326
0.255,0.229,0.508,-4.456,-107.666,-71.899
0.453,-0.470,0.569,-27.771,-80.933,-70.923
0.569,-0.772,0.326,-46.326,-44.922,-39.734
0.613,-0.672,0.079,-56.396,-24.780,4.883
0.605,-0.441,-0.012,-56.702,-23.254,40.955
0.571,-0.182,-0.131,-53.284,-20.630,66.467
0.510,0.166,-0.488,-46.204,-6.836,87.585
0.482,0.588,-0.812,-46.326,-1.831,103.333
0.467,0.948,-0.882,-50.110,-17.151,105.957
0.495,1.182,-0.713,-50.903,-41.809,94.177
0.532,1.274,-0.526,-46.631,-57.739,72.998
0.590,1.222,-0.395,-36.377,-63.660,46.631
0.629,1.053,-0.297,-23.865,-65.552,20.508
0.675,0.775,-0.314,-4.517,-65.002,-1.770
0.705,0.611,-0.264,11.536,-69.458,-11.780
0.705,0.520,-0.160,11.780,-74.768,-13.306
0.721,0.417,-0.131,13.672,-75.317,-14.160
0.701,0.332,-0.125,7.629,-73.242,-12.085
0.685,0.271,-0.199,4.211,-70.435,-7.874
0.653,0.203,-0.291,-0.122,-70.190,-3.784
0.614,0.154,-0.317,-0.366,-75.073,1.770
0.577,0.182,-0.330,-1.099,-80.688,12.268
0.553,0.321,-0.353,-2.930,-84.106,25.818
0.546,0.507,-0.370,-7.324,-87.769,35.645
0.559,0.666,-0.341,-5.615,-94.666,37.292
0.578,0.761,-0.247,0.793,-103.577,30.884
0.588,0.722,-0.222,8.728,-107.849,18.555
0.606,0.659,-0.253,15.076,-109.314,7.141
0.647,0.672,-0.249,17.822,-115.112,1.099
0.702,0.649,-0.140,20.874,-125.549,-5.554
0.739,0.551,-0.026,27.588,-134.216,-16.602
0.786,0.408,0.090,31.067,-138.611,-25.391
0.820,0.264,0.250,33.020,-142.212,-28.320
0.822,0.212,0.423,31.311,-141.541,-22.522
0.828,0.232,0.503,27.100,-133.362,-11.597
0.821,0.318,0.492,23.437,-121.765,-2.441
0.822,0.414,0.474,24.719,-113.708,1.648
0.842,0.450,0.441,28.625,-109.070,-1.465
0.858,0.413,0.408,30.945,-105.652,-8.057
0.865,0.335,0.334,30.701,-101.501,-15.015
0.870,0.259,0.271,28.076,-99.548,-17.822
0.878,0.240,0.268,25.757,-102.356,-15.503
0.885,0.281,0.319,22.217,-106.567,-9.521
0.884,0.349,0.383,17.029,-109.314,-3.784
0.877,0.464,0.488,9.399,-111.450,1.587
0.876,0.603,0.590,3.174,-112.000,4.578
0.884,0.653,0.684,0.793,-109.070,0.732
0.884,0.651,0.686,6.287,-100.647,-7.507
0.891,0.692,0.625,9.827,-89.722,-14.709
0.867,0.607,0.607,14.648,-83.252,-27.588
0.834,0.432,0.564,18.799,-77.942,-41.992
0.797,0.274,0.493,19.897,-72.510,-49.194
0.768,0.154,0.419,19.165,-69.702,-49.805
0.750,0.117,0.365,15.747,-70.190,-44.373
0.745,0.150,0.317,11.719,-72.876,-36.621
0.755,0.224,0.308,9.949,-78.735,-29.663
0.790,0.320,0.355,10.071,-86.426,-26.184
0.829,0.374,0.438,9.399,-92.163,-28.687
0.840,0.364,0.521,11.108,-94.543,-34.485
0.848,0.346,0.555,15.930,-92.529,-39.795
0.852,0.367,0.595,20.996,-89.905,-43.091
0.841,0.376,0.657,25.269,-88.074,-48.035
0.818,0.309,0.677,26.489,-84.167,-54.871
0.823,0.177,0.637,22.217,-78.735,-59.570
0.826,0.079,0.621,15.747,-76.660,-57.739
0.837,0.083,0.675,10.376,-79.468,-50.232
0.867,0.144,0.731,8.240,-81.238,-42.725
0.903,0.165,0.721,12.451,-79.041,-39.978
0.953,0.169,0.690,17.578,-75.623,-39.978
0.982,0.146,0.668,19.653,-72.998,-39.673
1.002,0.104,0.665,17.578,-70.496,-38.147
1.021,0.125,0.710,12.207,-68.726,-32.776
1.022,0.234,0.773,7.568,-66.040,-24.902
1.016,0.305,0.784,3.357,-58.960,-21.118
0.994,0.345,0.754,0.793,-50.842,-21.057
0.979,0.419,0.751,-3.601,-46.692,-20.386
0.946,0.480,0.803,-6.592,-46.326,-23.193
0.936,0.437,0.868,-4.944,-46.082,-32.837
0.912,0.308,0.892,1.404,-44.128,-45.349
0.919,0.202,0.832,10.071,-38.574,-52.490
0.916,0.088,0.773,13.672,-35.645,-54.688
0.930,0.022,0.781,9.216,-35.828,-51.514
0.934,0.012,0.795,11.780,-36.133,-45.044

